File,Nome,Descrizione,Costo
lavatrice_sold.png,Lavatrice,Se no Giorgio non si veste &#35;1,520
asciugatrice.jpeg,Asciugatrice,Se no Giorgio non si veste &#35;2,900
asse_da_stiro.jpeg,Asse da Stiro,Benni &egrave; in lutto perch&eacute; ha appena scoperto che dovr&agrave; cominciare a stirare,130
ferro_da_stiro.jpg,Ferro da stiro,Vedi asse da stiro,60
bollitore.jpeg,Bollitore,Per le 40 tisane quotidiane di Giorgio,50
caffe_sold.png,Macchina da Caff&eacute;,Buongiornisssimooo!!1 Kaff&egrave;&egrave;ee&egrave;&egrave;??1!1!!,70
cornice_digitale.jpeg,Cornice Digitale,Tributo al GruppoRegali&#174;,100
dyson.jpeg,Aspirapolvere Dyson v15,Cio&eacute; parliamone&comma; ha il laser per farti vedere dove &egrave; la polvere!,700
friggitrice_sold.jpeg,Friggitrice,Da usare quando la nostalgia delle Marche prende il sopravvento,240
frullatore.jpeg,Frullatore a Immersione,"E che fai&comma; te ne privi?",70
kenwood.jpeg,Impastatrice,Cos&igrave; Giorgio &egrave; pi&ugrave; motivato a fare la pizza,50
microonde_sold.jpeg,Microonde,Cos&igrave; alla mattina il latte di Giorgio sar&agrave; alla temperatura perfetta,200
tostapane_sold.jpeg,Tostapane,Tosta come Benni,50
tv.jpeg,TV,Riuscir&agrave; Giorgio a far vedere il Signore degli Anelli a Benni?,650
lego_space_shuttle.png,LEGO NASA Space Shuttle Discovery,Passatempi alternativi,180
set_piatti.jpeg,Servizio di piatti,Cos&igrave; Benni avr&agrave; qualcosa da lavare,90
pentole.jpeg,Servizio di pentole e padelle,Cos&igrave; Giorgio pu&ograve; cucinare,310
pentola_pressione.webp,Pentola a pressione,Cos&igrave; l'acqua bolle prima,150
posate.jpeg,Servizio di posate,&Egrave; un autentico arriccia-spiccia!,120
set_bicchieri.jpg,Servizio di bicchieri,&ldquo;Il bicchiere &grave; un contenitore per bevande adatto per essere portato alla bocca utilizzando una mano&rdquo;,30
set_calici.jpg,Calici da vino,&ldquo;L'acqua s√≠ che fa male il vino fa cantar&rdquo;,50
set_coltelli.jpg,Set di coltelli,Miracle Blade Serie III Perfetta,100
giordania.jpg,Viaggio di nozze,Un contributo per il nostro viaggio di nozze tra: Amman, Petra, Mar Morto e Wadi Rum!,&#160;
